{"car": {"vehicle.audi.a2": [3.705369472503662, 1.788678526878357, 1.549050211906433], "vehicle.mercedes.coupe_2020": [4.673638820648193, 1.8118125200271606, 1.441947340965271], "vehicle.chevrolet.impala": [5.357479572296143, 2.033202886581421, 1.4106587171554565], "vehicle.citroen.c3": [3.987684965133667, 1.8508483171463013, 1.6171095371246338], "vehicle.micro.microlino": [2.2072951793670654, 1.4809197187423706, 1.3760247230529785], "vehicle.dodge.charger_police": [4.974244117736816, 2.0384011268615723, 1.5421181917190552], "vehicle.audi.tt": [4.181210041046143, 1.9941171407699585, 1.385296106338501], "vehicle.jeep.wrangler_rubicon": [3.866220712661743, 1.9051965475082397, 1.8779358863830566], "vehicle.mini.cooper_s": [3.805800199508667, 1.970275640487671, 1.4750301837921143], "vehicle.dodge.charger_2020": [5.0078253746032715, 1.8816219568252563, 1.5347249507904053], "vehicle.ford.ambulance": [6.36564302444458, 2.3511743545532227, 2.431375741958618], "vehicle.lincoln.mkz_2020": [4.89238166809082, 1.8367133140563965, 1.490277647972107], "vehicle.mini.cooper_s_2021": [4.552699089050293, 2.097072124481201, 1.7671663761138916], "vehicle.toyota.prius": [4.513522624969482, 2.006814479827881, 1.5248334407806396], "vehicle.ford.crown": [5.365678787231445, 1.8007241487503052, 1.5749659538269043], "vehicle.carlamotors.carlacola": [5.203838348388672, 2.6269896030426025, 2.467444658279419], "vehicle.nissan.patrol_2021": [5.565828800201416, 2.1499669551849365, 2.045147180557251], "vehicle.dodge.charger_police_2020": [5.237514495849609, 1.9297595024108887, 1.638383150100708], "vehicle.mercedes.sprinter": [5.91519021987915, 1.9884328842163086, 2.560655355453491], "vehicle.audi.etron": [4.855708599090576, 2.0327565670013428, 1.6493593454360962], "vehicle.seat.leon": [4.1928300857543945, 1.8161858320236206, 1.4738311767578125], "vehicle.volkswagen.t2_2021": [4.442183971405029, 1.77456533908844, 1.9872066974639893], "vehicle.ford.mustang": [4.717525005340576, 1.894826889038086, 1.300939917564392], "vehicle.carlamotors.firetruck": [8.46804141998291, 2.8910882472991943, 3.8274123668670654], "vehicle.volkswagen.t2": [4.4804368019104, 2.069315195083618, 2.0377919673919678], "vehicle.mitsubishi.fusorosa": [10.272685050964355, 3.9441518783569336, 4.252848148345947], "vehicle.tesla.model3": [4.791779518127441, 2.163450002670288, 1.4876600503921509], "vehicle.tesla.cybertruck": [6.273553371429443, 2.3895740509033203, 2.098191261291504], "vehicle.lincoln.mkz_2017": [4.901683330535889, 2.128324270248413, 1.5107464790344238], "vehicle.bmw.grandtourer": [4.611005783081055, 2.241713285446167, 1.6672759056091309], "vehicle.nissan.patrol": [4.6045098304748535, 1.9315929412841797, 1.8548461198806763], "vehicle.nissan.micra": [3.633375883102417, 1.845113754272461, 1.5012825727462769], "vehicle.mercedes.coupe": [5.0267767906188965, 2.1515462398529053, 1.6506516933441162]}, "cyclist": {"vehicle.vespa.zx125": [0.0, 0.0, 0.6158696413040161], "vehicle.harley-davidson.low_rider": [0.0, 0.0, 0.6068199276924133], "vehicle.diamondback.century": [0.0, 0.0, 0.7959627509117126], "vehicle.gazelle.omafiets": [0.0, 0.0, 0.7713698148727417], "vehicle.bh.crossbike": [0.0, 0.0, 0.576472282409668], "vehicle.kawasaki.ninja": [0.0, 0.0, 0.49926984310150146], "vehicle.yamaha.yzf": [0.0, 0.0, 0.5296903252601624]}, "pedestrian": {"walker.pedestrian.0022": [0.3753577768802643, 0.3753577768802643, 1.8600000143051147], "walker.pedestrian.0038": [0.3753577768802643, 0.3753577768802643, 1.8600000143051147], "walker.pedestrian.0042": [0.3753577768802643, 0.3753577768802643, 1.8600000143051147], "walker.pedestrian.0031": [0.3753577768802643, 0.3753577768802643, 1.8600000143051147], "walker.pedestrian.0027": [0.3753577768802643, 0.3753577768802643, 1.8600000143051147], "walker.pedestrian.0004": [0.3753577768802643, 0.3753577768802643, 1.8600000143051147], "walker.pedestrian.0041": [0.3753577768802643, 0.3753577768802643, 1.8600000143051147], "walker.pedestrian.0001": [0.3753577768802643, 0.3753577768802643, 1.8600000143051147], "walker.pedestrian.0019": [0.3753577768802643, 0.3753577768802643, 1.8600000143051147], "walker.pedestrian.0002": [0.3753577768802643, 0.3753577768802643, 1.8600000143051147], "walker.pedestrian.0003": [0.3753577768802643, 0.3753577768802643, 1.8600000143051147], "walker.pedestrian.0024": [0.3753577768802643, 0.3753577768802643, 1.8600000143051147], "walker.pedestrian.0020": [0.3753577768802643, 0.3753577768802643, 1.8600000143051147], "walker.pedestrian.0023": [0.3753577768802643, 0.3753577768802643, 1.8600000143051147], "walker.pedestrian.0018": [0.3753577768802643, 0.3753577768802643, 1.8600000143051147], "walker.pedestrian.0032": [0.3753577768802643, 0.3753577768802643, 1.8600000143051147], "walker.pedestrian.0035": [0.3753577768802643, 0.3753577768802643, 1.8600000143051147], "walker.pedestrian.0030": [0.3753577768802643, 0.3753577768802643, 1.8600000143051147], "walker.pedestrian.0046": [0.3753577768802643, 0.3753577768802643, 1.8600000143051147], "walker.pedestrian.0043": [0.3753577768802643, 0.3753577768802643, 1.8600000143051147], "walker.pedestrian.0016": [0.3753577768802643, 0.3753577768802643, 1.8600000143051147], "walker.pedestrian.0007": [0.3753577768802643, 0.3753577768802643, 1.8600000143051147], "walker.pedestrian.0036": [0.3753577768802643, 0.3753577768802643, 1.8600000143051147], "walker.pedestrian.0044": [0.3753577768802643, 0.3753577768802643, 1.8600000143051147], "walker.pedestrian.0039": [0.3753577768802643, 0.3753577768802643, 1.8600000143051147], "walker.pedestrian.0040": [0.3753577768802643, 0.3753577768802643, 1.8600000143051147], "walker.pedestrian.0033": [0.3753577768802643, 0.3753577768802643, 1.8600000143051147], "walker.pedestrian.0028": [0.3753577768802643, 0.3753577768802643, 1.8600000143051147], "walker.pedestrian.0047": [0.3753577768802643, 0.3753577768802643, 1.8600000143051147], "walker.pedestrian.0010": [0.5, 0.5, 1.100000023841858], "walker.pedestrian.0048": [0.5, 0.5, 1.100000023841858], "walker.pedestrian.0029": [0.3753577768802643, 0.3753577768802643, 1.8600000143051147], "walker.pedestrian.0049": [0.5, 0.5, 1.100000023841858], "walker.pedestrian.0014": [0.3753577768802643, 0.3753577768802643, 1.2999999523162842], "walker.pedestrian.0026": [0.3753577768802643, 0.3753577768802643, 1.8600000143051147], "walker.pedestrian.0021": [0.3753577768802643, 0.3753577768802643, 1.8600000143051147], "walker.pedestrian.0034": [0.3753577768802643, 0.3753577768802643, 1.8600000143051147], "walker.pedestrian.0017": [0.3753577768802643, 0.3753577768802643, 1.8600000143051147], "walker.pedestrian.0045": [0.3753577768802643, 0.3753577768802643, 1.8600000143051147], "walker.pedestrian.0015": [0.3753577768802643, 0.3753577768802643, 1.8600000143051147], "walker.pedestrian.0013": [0.3753577768802643, 0.3753577768802643, 1.2999999523162842], "walker.pedestrian.0025": [0.3753577768802643, 0.3753577768802643, 1.8600000143051147], "walker.pedestrian.0012": [0.3753577768802643, 0.3753577768802643, 1.2999999523162842], "walker.pedestrian.0005": [0.3753577768802643, 0.3753577768802643, 1.8600000143051147], "walker.pedestrian.0009": [0.5, 0.5, 1.100000023841858], "walker.pedestrian.0037": [0.3753577768802643, 0.3753577768802643, 1.8600000143051147], "walker.pedestrian.0011": [0.5, 0.5, 1.100000023841858], "walker.pedestrian.0006": [0.3753577768802643, 0.3753577768802643, 1.8600000143051147], "walker.pedestrian.0008": [0.3753577768802643, 0.3753577768802643, 1.8600000143051147]}}